"DESCRIPTION","DURATION IN MS","NAME","PARENT SUITE","START TIME","STATUS","STOP TIME","SUB SUITE","SUITE","TEST CLASS","TEST METHOD"
"","19","@regression Should fail when total price is not a number","chromium","2026-10-04","passed","2026-10-04","Booking API - Create Booking","createBooking.spec.ts","",""
"","90","@regression Login with invalid credentials","chromium","2026-10-04","passed","2026-10-04","Authentication API","auth.spec.ts","",""
"","332","@smoke Create booking and verify details","chromium","2026-10-04","passed","2026-10-04","Booking API - Create Booking","createBooking.spec.ts","",""
"","307","@regression Get booking with invalid ID","chromium","2026-10-04","passed","2026-10-04","Booking API - Get Booking","getBooking.spec.ts","",""
"","14","@regression Should fail when depositpaid is invalid","chromium","2026-10-04","passed","2026-10-04","Booking API - Create Booking","createBooking.spec.ts","",""
"","311","@regression Create, Update, Patch and Delete booking flow","chromium","2026-10-04","passed","2026-10-04","Booking API - Complete CRUD Lifecycle","updateBooking.spec.ts","",""
"","39","@regression Update booking without authentication","chromium","2026-10-04","passed","2026-10-04","Booking API - Complete CRUD Lifecycle","updateBooking.spec.ts","",""
"","446","@smoke Generate authentication token","chromium","2026-10-04","passed","2026-10-04","Authentication API","auth.spec.ts","",""
"","8","@regression Should fail when payload contains unknown fields","chromium","2026-10-04","passed","2026-10-04","Booking API - Create Booking","createBooking.spec.ts","",""
